CÃ³digo,Valor
6A323D,5000
ABC2A5,5000
A895B2,5000
FFF476,5000
F3D31F,5000
4ED3CF,5000
DF3DDB,5000
A9B792,5000
461C45,5000
8E631C,5000
3B4B1E,3000
60365B,3000
D13CEE,3000
9764ED,3000
62738E,3000
67E762,3000
CF1E65,3000
3B821D,3000
E3C12C,3000
4FCA88,3000
5EE237,3000
ED6E12,3000
235FAF,3000
E072CC,3000
78AC63,3000
3B506C,3000
AD219C,3000
E64524,3000
3126F2,3000
E41655,3000
19910C,2000
2AFA91,2000
425F30,2000
1B9044,2000
957BCD,2000
F651D2,2000
F4859D,2000
3DCF2C,2000
48969B,2000
C6637D,2000
C5D038,2000
7CDAD2,2000
4620FC,2000
DE673B,2000
968D0E,2000
C169FA,2000
DD2C5D,2000
F8E5BC,2000
520829,2000
39545F,2000
17B204,2000
4CAD97,2000
49C6FF,2000
122292,2000
6F4C7F,2000
B3B764,2000
8DD2CB,2000
C8A07F,2000
089D94,2000
FF8270,2000
047BF6,2000
1ECAE1,2000
58E94F,2000
9C9C7C,2000
E3AF3F,2000
10320F,2000
8DE1C2,2000
3B659D,2000
6951E2,2000
A69879,2000
5691EA,2000
A960E3,2000
B42B94,2000
378D82,2000
089683,2000
2BA539,2000
B7268B,2000
4FE830,2000
734FC4,2000
96487E,2000
9E5276,1500
235DC3,1500
352DB1,1500
341F32,1500
DEE021,1500
270E4F,1500
202C6E,1500
8D461E,1500
359EB5,1500
E7B8E8,1500
AD5BAD,1500
AA0DC5,1500
D611C1,1500
7457B9,1500
7077A7,1500
3D671A,1500
26BFFA,1500
4B9FC2,1500
896202,1500
403B53,1500
3C7CB4,1500
4C3530,1500
95674F,1500
F44835,1500
019471,1500
FA2663,1500
3929EC,1500
B72029,1500
085910,1500
E1927C,1500
57D3C1,1500
4EB34A,1500
758228,1500
EB56C9,1500
1D0EA9,1500
B3A023,1500
1BBC9A,1500
E7A19C,1500
1FE3F4,1500
348E17,1500
B582EC,1500
C16ECB,1500
318DD9,1500
02B67D,1500
A0EE7C,1500
5CE4C2,1500
1D0028,1500
FB5B97,1500
814FDB,1500
5A3CB6,1500
0DD2E3,1500
85AB92,1500
07BCCE,1500
19D7ED,1500
629F0C,1500
D3B9FA,1500
6FB6E3,1500
B52B4E,1500
E28717,1500
3048E0,1500
895A52,1500
88586C,1500
7A9FB2,1500
B70A76,1500
5A9586,1500
2A78A9,1500
F0CA60,1500
F7FFF3,1500
9EA6CA,1500
8E7BAA,1500
AACC3E,1500
E07879,1500
939B12,1500
BB776A,1500
8319EF,1500
B44E84,1500
DF87D1,1500
EAFE18,1500
22B1F7,1500
1224BA,1500
617E42,1500
D95480,1500
7AC82A,1500
895564,1500
00DCCC,1500
2A2F4C,1500
339D0D,1500
87EC99,1500
526054,1500
101D59,1500
C53821,1500
204CFB,1500
8A0974,1500
40C9FD,1500
A63B23,1500
97F10D,1500
922F32,1500
DBDADA,1500
390630,1500
5EBC1E,1500
FFF0D9,1500
24130C,1500
ABC685,1500
A21E96,1500
3CBABF,1500
0C340F,1500
04028F,1500
1C4BB0,1500
423119,1500
951FF4,1500
11A892,1500
D3A718,1500
C69D04,1500
0F10F4,1500
6F334D,1500
AA4830,1500
58363D,1500
DF99C2,1500
27EF78,1500
2B44CD,1500
48B2FA,1500
82AF07,1500
295427,1500
7656BD,1500
4624F8,1500
5546A2,1500
B6B803,1500
499F4A,1500
5038C4,1500
5D2FD7,1500
BFB415,1500
354D89,1500
ED6D15,1500
CAC960,1500
4F9A33,1500
99E8C3,1500
2947BB,1500
BBE452,1500
6D37AF,1500
F9F278,1500
6F2F36,1500
9D0324,1500
409866,1500
E41B19,1500
C41656,1500
426B7A,1500
B5F543,1500
EE069E,1500
294F57,1500
767DB8,1500
8220C1,1500
E2C3A5,1500
EC7A4C,1500
E17F76,1500
7A8C46,1500
3C8A99,1500
7CE5E7,1500
06A6C5,1500
93C11E,1500
E789D8,1500
5DCB25,1500
999C4C,1500
494C67,1500
E6FF62,1500
5C5B5A,1500
A87570,1500
C5BD43,1500
50BF13,1500
64781A,1500
3028F1,1500
478860,1500
1BEB21,1500
A4610C,1500
677704,1500
875616,1500
ED5596,1500
131292,1500
B25904,1500
D56A02,1500
4E6061,1500
8E2674,1500
015ABE,1500
F1C64A,1500
6B5E65,1500
4C50B1,1500
CA2381,1500
701750,1500
FA66B9,1500
A91617,1500
8DFFA3,1500
44FC0D,1500
B9C5D8,1500
AF6DC2,1500
075E77,1500
9E8E30,1500
8443B9,1500
B67E8E,1500
DD7B81,1500
CC819F,1500
E55A0A,1500
041C0D,1000
B00A33,1000
428877,1000
AACD7B,1000
BB1107,1000
F5CB74,1000
48AB00,1000
680D31,1000
7978EB,1000
AA92AC,1000
67E442,1000
83CE79,1000
C0AEE8,1000
402AE4,1000
4DA083,1000
65E98E,1000
0BB055,1000
235027,1000
8E47B7,1000
203DCF,1000
124829,1000
95C7FB,1000
4EBFD3,1000
27FB49,1000
5EBD5B,1000
5084B2,1000
A3FDD3,1000
B80C33,1000
1945DC,1000
BCFD44,1000
E2B570,1000
BFC8DF,1000
1F7DE7,1000
A479F5,1000
BB441A,1000
C243F1,1000
17E068,1000
60381C,1000
898F03,1000
090D7F,1000
054326,1000
B77CDA,1000
AB6F45,1000
F49020,1000
323785,1000
4A5C09,1000
51EF3B,1000
01A0F0,1000
8AD61D,1000
4862F2,1000
22783F,1000
F96E5D,1000
863730,1000
BAF787,1000
24C63D,1000
F23FAB,1000
A55EF3,1000
8A9AEA,1000
1DD63E,1000
693EB6,1000
5D1DB8,1000
59FAF6,1000
43736C,1000
5B801C,1000
23933B,1000
34F62D,1000
2FC2BC,1000
33C7E3,1000
F613C6,1000
715E31,1000
9A6838,1000
DDA0E2,1000
4822DB,1000
5F62CF,1000
8E622D,1000
EE31B1,1000
6BBC39,1000
9E581C,1000
AE3D1A,1000
4803AD,1000
EBD711,1000
FB087A,1000
06ACE8,1000
8CF676,1000
BB62F2,1000
003015,1000
AB748A,1000
2D8FC5,1000
41A7EA,1000
1166FC,1000
A964EB,1000
00536D,1000
D0EDFF,1000
EDF645,1000
F5C11C,1000
863F89,1000
348824,1000
D0730F,1000
B5AE9F,1000
CFC497,1000
AAC00B,1000
AE34DC,1000
DD730C,1000
3B399C,1000
AD9B64,1000
818F60,1000
7DB94B,1000
FFE4C3,1000
86AB0C,1000
342254,1000
4B371D,1000
68ED92,1000
AE3E34,1000
0E7D6A,1000
41AD37,1000
DC5B4C,1000
6C00C4,1000
178034,1000
E44C2A,1000
8D8422,1000
6955E6,1000
50B83A,1000
9B9915,1000
E3462D,1000
79C3E0,1000
BB8327,1000
FB8844,1000
837E9D,1000
6CB277,1000
9096DC,1000
B5ED6E,1000
D1D374,1000
360EB6,1000
05718B,1000
F50C6B,1000
FF911B,1000
E5E815,1000
04EC80,1000
A35918,1000
0DBEF3,1000
F5DB0D,1000
D0DFDD,1000
E328B0,1000
96DAD3,1000
D7C7BE,1000
1F7B55,1000
C9345B,1000
994109,1000
5F9612,1000
D69CD4,1000
592779,1000
73219E,1000
FD4106,1000
40E572,1000
3C5412,1000
C8DD29,1000
3460C1,1000
357E50,1000
34EF20,1000
F10247,1000
D85C28,1000
FF73CD,1000
D27D76,1000
03D6A6,1000
581EBF,1000
D1B1D6,1000
8DBF0C,1000
EDA003,1000
783E4E,1000
06173F,1000
48391D,1000
53EEA1,1000
667C3C,1000
9B821C,1000
1F1B4B,1000
50851A,1000
F92374,1000
11EF8C,1000
863651,1000
BA5BE8,1000
13DF01,1000
C2F220,1000
019A06,1000
89FD9E,1000
A32D79,1000
36C46F,1000
B4C6D6,1000
B73AC3,1000
F748C0,1000
20C307,1000
A5CB52,1000
2F6868,1000
030E83,1000
6EEEF3,1000
F38E4F,1000
686D73,1000
6C1C42,1000
A57836,1000
F8BC39,1000
59526C,1000
54C459,1000
473044,1000
AFD4D3,1000
1F0EE6,1000
2ED20A,1000
73D5A1,1000
C43D8B,1000
B05737,1000
C72DFD,1000
D3FA4A,1000
D650C5,1000
D4891E,1000
9075BB,1000
C3621C,1000
F98908,1000
B9C4F2,1000
89F3F5,1000
7BFC60,1000
9AAA7A,1000
DF179A,1000
A2BAF8,1000
4FEEF0,1000
2DE826,1000
FAAB9E,1000
9A0BA4,1000
B5AC39,1000
BE5518,1000
86BCB9,1000
CE59A2,1000
B06615,1000
9548C1,1000
F0DF55,1000
CBF750,1000
05A93B,1000
A9612E,1000
543E38,1000
2614B7,1000
B5C629,1000
DCEEC1,1000
EA312C,1000
6BFADA,1000
DD6056,1000
6C7065,1000
EFF081,1000
D9DB71,1000
697977,1000
4A36D9,1000
EE0128,1000
70481B,1000
606FE9,1000
4A4251,1000
E66A16,1000
CDD972,1000
EE2633,1000
5CA696,1000
6FDEAF,1000
F22ABE,1000
72E660,1000
7130FE,1000
7C8F2C,1000
59D533,1000
555D90,1000
29FA96,1000
05F187,1000
5952DF,1000
88F1E7,1000
57B9E2,1000
F5CC02,1000
F5187C,1000
47C8C0,1000
CA624F,1000
943E47,1000
6B1ABF,1000
E45926,1000
7F509B,1000
AD2AA5,1000
00A85A,1000
FCADBC,1000
092121,1000
40F4B3,1000
45F6D3,1000
BDCD3D,1000
9C35BC,1000
168E55,1000
B3145F,1000
884FAD,1000
8EA42C,1000
42B366,1000
ED427C,1000
392444,1000
D036B6,1000
07CBAA,1000
FB29D6,1000
74A47A,1000
86516C,1000
061E89,1000
56DCAF,1000
8CC5EC,1000
1DCED5,1000
70816D,1000
9F9A41,1000
AA87F0,1000
D7F04C,1000
2E252D,1000
C65C0B,1000
165746,1000
183977,1000
EAD8B0,1000
C17F13,1000
F4ECD7,1000
CC1A47,1000
36E8A0,1000
E03619,1000
F1CE0C,1000
5D8CF1,1000
31CD77,1000
6A81BD,1000
A9A222,1000
0304B4,1000
31DDCC,1000
1D53F0,1000
0EC450,1000
5E7B0C,1000
E0976F,1000
D52FDA,1000
FDFA3C,1000
03492A,1000
96029D,1000
718CC4,1000
BEBC0E,1000
5D0BD6,1000
ECCD9A,1000
001DA3,1000
6FD16B,1000
D8F612,1000
220507,1000
0143E2,1000
C89FDD,1000
7C38E8,1000
1E8A67,1000
352CD2,1000
E4A4ED,1000
8AFF4F,1000
BDB1F1,1000
17AE96,1000
557C0C,1000
5A7357,1000
94FA5E,1000
956022,1000
950ABC,1000
19AB8F,1000
4B532D,1000
5261F0,1000
B21DCD,1000
D46FD3,1000
229CDE,1000
322D6E,1000
978074,1000
A57E37,1000
5E328B,1000
C2846C,1000
9D9864,1000
B73021,1000
179972,1000
203E10,1000
F51AF7,1000
5206A5,1000
31DC4E,1000
EF2615,1000
80D21A,1000
5D5C71,1000
BED40A,1000
EBBBE2,1000
2E3504,1000
F4806A,1000
A39664,1000
A2B9D0,1000
C86CCC,1000
673C3F,1000
F68BED,1000
D731CE,1000
9AA169,1000
55C37E,1000
FE202D,1000
A79898,1000
46FBAE,1000
F29A2D,1000
6EA7BC,1000
E22DA7,1000
605FBE,1000
E9B1CD,1000
6648DD,1000
F0AC04,1000
0C095D,1000
180335,1000
9A6578,1000
A7BBE0,1000
DB5234,1000
BF7013,1000
CCBF6B,1000
C67DB4,1000
2AC9D0,1000
2354BF,1000
48CA30,1000
6F5A47,1000
F7E99D,1000
31CE4C,1000
0C0F25,1000
D58EA1,1000
3A1265,1000
27D47D,1000
2576A4,1000
FF7F95,1000
E5A027,1000
37E52E,1000
71FA20,1000
4530B7,1000
6339D8,1000
DFB2BE,1000
B7B719,1000
ABE3E7,1000
5C59FA,1000
418B6B,1000
4A1C02,1000
445FA5,1000
4C263B,1000
36C6E9,1000
5A6AEB,1000
1A3960,1000
5F7C2E,1000
FF6D5C,1000
304704,1000
CB16F3,1000
3D91C0,1000
AECA5B,1000
54A875,1000
F7FF24,1000
D17FB8,1000
D7AA4B,1000
5EE5E7,1000
8351CF,1000
8A1767,1000
7F09ED,1000
59BC58,1000
790DBA,1000
1B0D0D,1000
AB4179,1000
47858A,1000
88A84A,1000
6F6C80,1000
204389,1000
987F0A,1000
B7BE29,1000
DDAAA6,1000
12CA51,1000
600547,1000
6DF28A,1000
374273,1000
90EF78,1000
4FB70C,1000
EA427B,1000
30352E,1000
19FDE3,1000
CDDC7D,1000
F3B722,1000
F4245F,1000
C6EE5C,1000
CC7E48,1000
46F089,1000
283B92,1000
0D966A,1000
E45542,1000
DE5FEE,1000
682B76,1000
C29023,1000
6F83C7,1000
F0B850,1000
5ACC8B,1000
B91D1E,1000
32C97B,1000
BA1CBF,1000
4D8F82,1000
13CF32,1000
44750F,1000
0989F7,1000
0DCBED,1000
F581F6,1000
191EFF,1000
A1E627,1000
6DC4D6,1000
235554,1000
6BACBB,1000
C2B387,1000
E8DD90,1000
8BC04C,1000
1BE21E,1000
6AC60D,1000
487BE7,1000
C3A613,1000
4E2C30,1000
C87BCC,750
EE543A,750
7993AF,750
7B2430,750
38FF61,750
9F662C,750
060212,750
B8456D,750
FF7104,750
0C6184,750
D364DB,750
680F8D,750
C6CA60,750
D46887,750
02BA61,750
9596BE,750
2A0223,750
6B69E4,750
DC3DF2,750
84FF7B,750
C9CE7B,750
EF0CAC,750
2DA24C,750
10DF9F,750
533965,750
825EDC,750
CFAB3D,750
EED9FE,750
AC23F8,750
2CD166,750
10DCDF,750
EBDB28,750
3BC1E7,750
8B6618,750
51896B,750
37F101,750
97016F,750
911224,750
B100DB,750
391867,750
9E4A49,750
F742E4,750
F39E7F,750
8FA65D,750
B6617F,750
35C705,750
CF0C47,750
956F16,750
618C4A,750
9F1123,750
C33F68,750
5F5540,750
A8A061,750
04AC9E,750
B006C7,750
2ABCE5,750
878F2F,750
EA8903,750
882373,750
C482CF,750
0F14BD,750
401CFF,750
41E183,750
FC278C,750
9E2EB8,750
EC0B4E,750
84CB3F,750
43A203,750
2FBC4D,750
339478,750
6E17F2,750
B3973E,750
F2F50B,750
EF0EEC,750
983881,750
402412,750
91A081,750
81FC4A,750
E9F9D9,750
A0E7C1,750
823DDD,750
3186BD,750
74A28D,750
A88891,750
96E961,750
84B684,750
C47555,750
470BB3,750
B9CC6E,750
2372A0,750
38A951,750
31AE9F,750
C12916,750
3BEA4E,750
9DD781,750
E89BB8,750
5643CE,750
F963A8,750
016C7F,750
C87487,750
646A7F,750
647F25,750
B40072,750
CF2806,750
4121EB,750
9A2573,750
400C69,750
55319B,750
97A3B8,750
674833,750
DEBDA0,750
5D674B,750
E1076B,750
8A748B,750
015B57,750
50CBD0,750
89CA59,750
658033,750
F15D0E,750
F777D0,750
829A7A,750
1C7CBB,750
F774AD,750
09941D,750
D8E453,750
5C4E26,750
75B58F,750
B64493,750
E95558,750
811C14,750
980AEC,750
EEF748,750
5B32D4,750
8E81A8,750
2A2B18,750
4C66F5,750
2A26E3,750
8C96DD,750
756C85,750
95720D,750
3F769B,750
6C6349,750
6DFBDF,750
1B46E2,750
C02F1B,750
173943,750
DA799D,750
114AE1,750
DE3011,750
55BCEB,750
B6D679,750
936564,750
0E5E5C,750
0DA90D,750
A0711B,750
601B91,750
6BC1E0,750
10AB18,750
689A6E,750
E7DA3B,750
CD3147,750
40AF3B,750
61C8A9,750
6BA99A,750
59530A,750
66CA29,750
5C23F1,750
FAD12C,750
B844FD,750
400EEB,750
5599C8,750
D99AAD,750
192255,750
23C56A,750
9D3E0D,750
C5A1AF,750
F94323,750
E5BA81,750
13EE4C,750
3F5A3F,750
B78DCD,750
77FF6C,750
F2534A,750
46457E,750
AEC99D,750
543180,750
535AD5,750
139235,750
B1DBBF,750
E58915,750
9DDC3D,750
6BA587,750
6E7AA6,750
E57B1C,750
A6DCC5,750
4DBCE5,750
E8B7F1,750
D682DC,750
4F1BD9,750
652699,750
32C7D5,750
A50E82,750
DA689D,750
64E726,750
B0D45E,750
C89FEE,750
E27B1C,750
BB09CD,750
E58782,750
36F3A0,750
D8667B,750
665E57,750
C6C834,750
D4256E,750
38D8C2,750
193E0A,750
EAA95A,750
6427D9,750
2E8C28,750
BD6133,750
0B1375,750
C0EAD0,750
DAFBFD,750
2DE295,750
18F7D3,750
6115E2,750
F148C4,750
BB6A82,750
527A1D,750
337EB1,750
4A89CA,750
3954B9,750
08347E,750
2BA3EB,750
CE36F0,750
347439,750
C10D54,750
F728B1,750
98B08F,750
57B3B9,750
4456A5,750
D88B17,750
2AE1D3,750
51A9C4,750
168761,750
E088A1,750
7EA353,750
8ABD96,750
E76D23,750
C1F93F,750
915BE0,750
354268,750
A48767,750
CDB09B,750
D7F2D6,750
3A401C,750
F224EC,750
B56D04,750
C2B27C,750
974A9B,750
368B94,750
756BB9,750
F482B0,750
590CF5,750
07677A,750
B21AAE,750
820073,750
D2974A,750
5F5FB1,750
8AC5DF,750
AFA90C,750
6C6084,750
E7AB17,750
1A4685,750
0FEF08,750
15F830,750
12CFE1,750
6970D8,750
6E52A0,750
344D42,750
5029C2,750
6C83F8,750
1CFA72,750
3739AD,750
06DFCD,750
B3A7E0,750
953A2C,750
12690D,750
743785,750
096C6F,750
FFB910,750
E2CF3E,750
E160AE,750
37A45A,750
C07B7F,750
31CF9C,750
6D1E41,750
906983,750
E9F673,750
D64481,750
34CE7C,750
A81D7F,750
B694C9,750
5BE4BF,750
DA3C2C,750
44B10D,750
4DF8A6,750
4D4C77,750
2949D8,750
7BABE7,750
4D63D9,750
0146ED,750
CA20EE,750
3AD0A7,750
028381,750
8FFFA2,750
2C7B23,750
09F430,750
BFE0E3,750
7C59AB,750
57E1F4,750
FBC52C,750
B6EF6E,750
36F094,750
0F2B6B,750
0979A2,750
8995E1,750
E0406D,750
E56D50,750
C5CF22,750
FE0319,750
7BF2E8,750
AD0CF0,750
85C5A0,750
332EFD,750
F00E85,750
984BC6,750
8650F5,750
3D16F1,750
BFEC69,750
8C6F54,750
31B979,750
99F1E1,750
9FDD2E,750
164F65,750
7BD01A,750
85B420,750
25BBCB,750
5292AA,750
EABF78,750
AA7A68,750
1276E1,750
FD7628,750
CF8113,750
E75507,750
D32DD4,750
C871AD,750
3253DB,750
557441,750
F9C9EF,750
3E8607,750
AED58B,750
BB43D1,750
E566E7,750
FE0D97,750
39C2CF,750
1B3633,750
2960D5,750
2F5FA0,750
8857D3,750
F196B9,750
EA4BB8,750
218A07,750
255298,750
CCF4DF,750
FB8FB3,750
7E449D,750
30CDFA,750
B143B1,750
9526F5,750
E3D026,750
DB8AF6,750
C61609,750
84E0B0,750
136393,750
345997,750
81BDAD,750
0BEB0D,750
5BA03C,750
1F7C16,750
79FF8A,750
21D5EB,750
FF3327,750
D39FC5,750
D82137,750
509F1C,750
F1C47B,750
2A2191,750
330ACC,750
97CFEE,750
96A2E9,750
416A27,750
2E3D3F,750
0DBE65,750
AEF2BE,750
818281,750
CAF11F,750
24CD5E,750
809CA7,750
53A1A9,750
5E07C7,750
6AA48B,750
746FD9,750
E23F07,750
950A8E,750
E739DF,750
D85DFC,750
51F8DB,750
984FE4,750
D7C24F,750
F8F96A,750
1A0A2B,750
22BF40,750
4EDD2E,750
5695A5,750
5B390A,750
14A025,750
3FB768,750
977FC3,750
E6A12A,750
F87CD8,750
171E13,750
7935A9,750
92FA5E,750
0D6D31,750
28ED92,750
BFE780,750
33F7CD,750
863213,750
8F4C73,750
75B31B,750
AF89EE,750
6A654B,750
CCF8F1,750
FCB81E,750
248021,750
534ECB,750
AB554F,750
A717BD,750
7659BB,750
47884C,750
27077A,750
B7D320,750
64F135,750
594AC5,750
7813D1,750
D23DEC,750
7BC436,750
A98A90,750
5831D1,750
4EFCC8,750
F9484B,750
09E226,750
A0453A,750
E84B9E,750
EA0CB5,750
590ACB,750
DF15D1,750
DB5AB8,750
E1C3C2,750
AB1F75,750
98ACDB,750
276322,750
6C0BE6,750
C42F5B,750
132584,750
DEDCF4,750
C65B5E,750
F721E0,750
FE11E3,750
572E49,750
E3F3B7,750
AC5A38,750
544F67,750
48BC09,750
E1FD3A,750
E55CB7,750
796668,750
1C0C87,750
065DDD,750
2C2FFF,750
8CEBCC,750
43C826,750
BD6356,750
9A72FE,750
56A906,750
0BDF96,750
07FEFC,750
0C1053,750
DA2FE6,750
2A2EBD,750
AB554F,750
D7BC78,750
FBD718,750
B5ED7E,750
345A62,750
45B910,750
6E1B72,750
30D48C,750
29118C,750
D920EE,750
8AACAD,750
61D630,750
8AE9D9,750
51E6E0,750
B15C59,750
84C1C4,750
DE7661,750
1781CF,750
734EEE,750
1077D1,750
C884CB,750
E33FE0,750
2D6707,750
F8466D,750
CF2247,750
7581BE,750
8F5A5C,750
F25F27,750
7E5B1F,750
0403C5,750
87CC61,750
D16227,750
7CBDF3,750
7E31AC,750
B242BE,750
13CA76,750
3D5C36,750
8713F2,750
2F1CFC,750
A5C67A,750
DC48CD,750
DEEF14,750
8D840A,750
00C71F,750
B0BC0B,750
C5229A,750
ACCE54,750
0AFF1D,750
B353D2,750
48B108,750
7D8262,750
576EAF,750
D61135,750
479F4F,750
5DA28B,750
CDCD4C,750
4754B6,750
7F2DEE,750
B8CF6F,750
362375,750
AA26F3,750
07B1D6,750
A72A95,750
7A7045,750
B10EE2,750
64EA9C,750
7336A6,750
70448D,750
83CBA6,750
6DD851,750
96FE33,750
D1C0DD,750
D95A5F,750
9F4D75,750
5FDB40,750
085C1A,750
B06ADB,750
B3E739,750
D6FF56,750
8C7CDA,750
D1C88D,750
489EC7,750
9A37EE,750
7DFA91,750
4F4707,750
609F4D,750
8090D0,750
087C07,750
57989F,750
E6611F,750
6CEE6E,750
5F5B93,750
8D124F,750
E7AD7A,750
7849B0,750
42D3FE,750
241238,750
ADE80E,750
638467,750
72A4E3,750
77BD67,750
6175D4,750
939B94,750
CF50F4,750
2A02F8,750
8B0239,750
826AE8,750
C8C658,750
85FD7E,750
811EF6,750
4F459B,750
E8439E,750
D165E2,750
50E077,750
3BC1D8,750
45C381,750
AD26B1,750
2DDA8E,750
2583B0,750
029AFB,750
4C6B3C,750
7ADC05,750
10D5A4,750
E9D3C2,750
9BBF2E,750
152A25,750
73265C,750
B68C52,750
2B896E,750
1B0B46,750
8D0018,750
0891FD,750
3AF19C,750
0EC958,750
D7241F,750
7761C6,750
4BBAF3,750
1C50FA,750
FACBA6,750
8F28E3,750
0D014C,750
4ECD40,750
C1905A,750
2CCCEB,750
7E8408,750
4E7FDC,750
854248,750
EFA3DB,750
5002D4,750
87A146,750
E9719F,750
76D65A,750
20659C,750
E4C5A4,750
384288,750
DC6DA6,750
124835,750
C87072,750
0AD68F,750
F045D3,750
3BDB95,750
D8BDBA,750
1746BC,750
1B7EE3,750
E0B4B4,750
8E34B5,750
A43184,750
45EA27,750
153460,750
D5145A,750
39F0FB,750
83B242,750
299984,750
6F108B,750
940DE2,750
048326,750
446656,750
61400B,750
598C28,750
E29FE4,750
D2239D,750
FC1911,750
3E1410,750
47F692,750
0EB23C,750
460F5C,750
B47694,750
1FACB5,750
74750D,750
56985F,750
5DEAE5,750
900E2C,750
C7BFD6,750
D2BBA6,750
C575BF,750
7CD303,750
C35F1A,750
02E07A,750
7AF6C0,750
C036D7,750
EFF171,750
7917D2,750
B6E215,750
ACAF71,750
05B46D,750
2F2567,750
0ED1B5,750
944B61,750
E21E41,750
EE3FA6,750
D65D71,750
CD3180,750
09011B,750
B94CB0,750
B1A53F,750
6ECDB5,750
4A12E2,750
540D92,750
41FA28,750
0F79D6,750
41FDD1,750
81A46B,750
7D111D,750
A4207A,750
0835F3,750
F22DD7,750
69E5CF,750
758549,750
5886D7,750
CCC29A,750
5DF5AC,750
F2BB30,750
EF18D7,750
AE20B0,750
44811E,750
B6BA77,750
CD5030,750
35E147,750
DA1899,750
D998F0,750
E534C2,750
446851,750
49C4EA,750
BDCD7E,750
C1BB26,750
200451,750
958F84,750
37CE1F,750
84C78D,750
AF222B,750
5F19BF,750
F0AEBD,750
EBEAD8,750
95DEEC,750
E57523,750
BA820B,750
6DF5DD,750
705B2A,750
282ECC,750
98019A,750
630420,750
FAD814,750
0C9955,750
0F7CBC,750
CCE6CB,750
BD3308,750
8EDEFC,750
177929,750
9DBE7C,750
4B9E1C,750
D4CF6A,750
A71DC4,750
6F5037,750
819844,750
E0163C,750
0DC34B,750
4C05C7,750
1A5B94,750
AF0D15,750
BA4C68,750
D307AF,750
D631D5,750
071423,750
EAFA4A,750
BF2138,750
916DFF,750
725F64,750
064703,750
2A257E,750
F74162,750
B15C55,750
F88205,750
9EFCF7,750
1CF011,750
0B435B,750
F7F43B,750
D92768,750
105814,750
5D5C0C,750
6E28D7,750
39FAB3,750
B0DC14,750
5484A0,750
EB7F42,750
775370,750
A18988,750
0967F5,750
EBD5C6,750
8AC2CF,750
2F2307,750
B31E60,750
EC7410,750
B0EDAB,750
598B68,750
1FB44E,750
BFB7C2,750
F9EDB6,750
2E1B16,750
A228A9,750
4653E4,750
84C0F0,750
58BBCE,750
9A07D7,750
E86811,750
001C90,750
0A00C8,750
E47C34,750
3AE1DC,750
F54BD9,750
0E0CDB,750
1ED96E,750
F726FD,750
B1A4C4,750
DBAFA0,750
AC3C39,750
D731E2,750
49CD36,750
593080,750
A079F8,750
B0E672,750
570D0E,750
5F989C,750
720A73,750
0E4B14,750
EC5515,750
202570,750
C420DC,750
C6D85E,750
277EF2,750
588B9D,750
6BC02C,750
09B21C,750
FBF6A1,750
735A70,750
F867C1,750
529AC6,750
5A5344,750
DFF188,750
062519,750
7B535C,750
0A1C44,750
E90D3F,750
386E61,750
59947A,750
267A2B,750
B0F03F,750
B844D6,750
A9778E,750
AD5D29,750
505F95,750
08D75C,750
D7431C,750
B3E843,750
D0CCA0,750
5AE9E0,750
A9CEA2,750
E40062,750
09A334,750
E4A342,750
FF0C51,750
DEBEEF,750
B9E9D3,750
AD5C31,750
341A5E,750
642863,750
75BCA1,750
F28FC2,750
A3B899,750
761B5D,750
CFF13A,750
ACF2F3,750
D2B3DD,750
0CB601,750
DF2100,750
D475DF,750
ECC90A,750
E0CF73,750
042239,750
8FD67E,750
F6C753,750
0C16F8,750
75A2C0,750
AA6018,750
2BFB22,750
B3B363,750
A0A486,750
9CFC31,750
494EAB,750
AB3847,750
C28038,750
CBE6BE,750
CE94F0,750
5A0232,750
27FA2E,750
77F585,750
E8D93B,750
CDA951,750
33E2F3,750
69E7AF,750
0F192D,750
3443DF,750
46C133,750
032D9A,750
2E7922,750
131FDC,750
F4CB53,750
62293D,750
19BBE6,750
02510B,750
547498,750
E09439,750
8BBAB9,750
CAF356,750
4469C2,750
3C5639,750
FD5E66,750
D53A9F,750
FD4933,750
4DB424,750
788FA0,750
629895,750
1DB1E1,750
7609EE,750
47ABB6,750
92509B,750
A8140A,750
76521E,750
458551,750
E23D3C,750
C392FD,750
BB9D2F,750
1C39A1,750
2D7C57,750
5055FF,750
BBC1E0,750
B3B417,750
D45F8F,750
069DDE,750
C538B2,750
B82A90,750
98FD07,750
A57558,750
D9CA6E,750
C03D68,750
0C04B1,750
511C56,750
1FF94F,750
5E5F13,750
6435E0,750
03205E,750
FC8ED1,750
44291B,750
94EB89,750
E13A21,750
BD3FF1,750
CEC59B,750
E3BE7C,750
89FEFD,750
9E9098,750
D6972E,750
D876FC,750
2E8585,750
ED3F6C,750
CE7FE1,750
847816,750
64F5F1,750
1328B7,750
52322E,750
487CBC,750
C0920D,750
ECC4DB,750
3948EF,750
194725,750
B8B0EC,750
F93A4A,750
AC511F,750
67CA3A,750
F6BC23,750
70C27A,750
0362BF,500
53ADE5,500
D05088,500
38DA05,500
678F86,500
EBF99F,500
837E2A,500
F74CCF,500
335BC5,500
548B70,500
3256BB,500
3880C5,500
587959,500
2FC7AC,500
80FE29,500
91F3BA,500
07F7B5,500
817EF9,500
1FC57C,500
830CC0,500
4B3A78,500
37F3AC,500
753DD9,500
F6A6E4,500
1C5A27,500
801898,500
27C6B3,500
2E3AA5,500
D20C4C,500
8FECDE,500
C7802F,500
3DFB73,500
2509D1,500
BD9956,500
BDC115,500
AD63AB,500
B05CE8,500
506A8A,500
1FED9A,500
E814C0,500
3EA6B2,500
1E71E1,500
567512,500
FFDE7F,500
4A4AE5,500
ECCBE7,500
CEBDDA,500
C69A26,500
D112BC,500
5A781F,500
B850DF,500
4223B1,500
D3DFB3,500
34351E,500
4F8C3E,500
0175D9,500
3564B1,500
B1F069,500
267D3E,500
B3C0C3,500
B0E873,500
0D1909,500
1738B6,500
5E7313,500
E351DE,500
6DEEF2,500
9C7764,500
4DE914,500
221527,500
9C2E20,500
731DE1,500
499BA8,500
BB7494,500
4F5F50,500
8510A5,500
5547E3,500
5BEAE9,500
F2FCC5,500
488450,500
DB2710,500
322A50,500
BA7C90,500
629713,500
BEF675,500
765EF5,500
837EDA,500
F55D62,500
A987B8,500
4FF638,500
A52625,500
E291E8,500
EA546B,500
BF68DD,500
CC9487,500
655CAC,500
0D918B,500
7CD626,500
EC391C,500
0C9FE2,500
AE54B2,500
93BC58,500
AAE1E4,500
47C36F,500
0A5E80,500
ABE2C2,500
4156DC,500
876E7B,500
7472A6,500
5DE5D4,500
BA2AA3,500
DCBAAA,500
822905,500
2851DF,500
666C20,500
F13EBB,500
F30172,500
1FD9B0,500
EEDDB2,500
8D6117,500
878418,500
86F9CA,500
078148,500
2ECBCB,500
8B28DA,500
2452F2,500
B4223A,500
F52213,500
B11E51,500
1C0E46,500
A351F3,500
37BB86,500
0EBA71,500
B6C088,500
D3F56B,500
A5FA11,500
5BEA1C,500
9E50A5,500
A3B628,500
3E0660,500
3D0764,500
5012EA,500
F4F7C5,500
A3C451,500
F66D8E,500
9FD29A,500
6B7A29,500
E11093,500
80AECE,500
92D845,500
170BCF,500
339E31,500
62052B,500
331CCE,500
8CB9EA,500
79759B,500
91BDD0,500
7155A7,500
122852,500
F64C17,500
6A94D3,500
126831,500
45BB3D,500
890463,500
53B8D3,500
829C88,500
DC4C81,500
6828F0,500
97F0B4,500
EA9E16,500
0EAC5C,500
8FB2C6,500
62F9F4,500
F6EB62,500
2F72AD,500
36A6B5,500
BCC235,500
8D3A83,500
E97044,500
228956,500
AD8EB6,500
29B676,500
B17E45,500
E4E2E6,500
9DB00C,500
A7F901,500
8EFD36,500
6A22EF,500
35C90E,500
1B2F9B,500
D48C10,500
32901A,500
A39EBE,500
B81FE0,500
46A98F,500
DAB642,500
2EEBD9,500
6E464F,500
78623B,500
2586BA,500
7AA14F,500
D8F87A,500
B3643F,500
39F676,500
45EFE0,500
37A82D,500
873593,500
381FEB,500
0FA879,500
C008CD,500
70513E,500
8D5538,500
520582,500
885FE6,500
D2C72C,500
00432F,500
EBD9A1,500
50B1C5,500
E7BB19,500
31986A,500
B82373,500
5A6DFD,500
2C1D32,500
09134A,500
3A92B5,500
A78560,500
A5301A,500
8F7FB6,500
54F670,500
C501B7,500
00AA6E,500
51C450,500
9BA513,500
BCCF55,500
FC2435,500
674F9D,500
820B68,500
67458D,500
8856FF,500
B6A778,500
BFB1A8,500
6821EB,500
F70D2A,500
7C7F9B,500
C51AE7,500
4645BC,500
87A559,500
912950,500
9AEC6E,500
5E6547,500
4A2030,500
F99986,500
63C5B5,500
455C77,500
2D492D,500
129B85,500
EF2F79,500
41192C,500
52EAD2,500
922173,500
8174B2,500
259E81,500
87E7CC,500
ED7702,500
74691A,500
D70A5E,500
9E0081,500
7AFADD,500
E16F3A,500
756AEC,500
44B4D7,500
846BEB,500
8737D6,500
55A45B,500
F21E05,500
2608E3,500
5BB5AD,500
3F7C64,500
FC3D71,500
4E88D3,500
1F4F68,500
F6A796,500
F83C33,500
C89479,500
E44212,500
4B9C74,500
882FF4,500
D29536,500
0CC9BB,500
E8F61D,500
0FA328,500
0D9380,500
72A1C3,500
5C6B9D,500
7F4092,500
F00445,500
353F9A,500
F40D1E,500
D4AD60,500
B90584,500
253DE9,500
B56733,500
3FE15E,500
52AB1D,500
BB7AD8,500
8EC756,500
CD3BB1,500
14AD1A,500
0D2F2D,500
A1487E,500
A23AB7,500
74D0A8,500
F24423,500
154E4D,500
65EEA3,500
7CCF77,500
884E3E,500
14F83D,500
54DE85,500
8D81DB,500
3260D0,500
B46A2D,500
AEB8E2,500
BD4054,500
D9C308,500
60F9BD,500
C840AD,500
FD7DFE,500
157988,500
060CA8,500
BB6C9F,500
79DC89,500
64D34B,500
B2EAFD,500
9C41CD,500
E39A65,500
F8B1F5,500
0B3691,500
02BCAB,500
A69519,500
A8C353,500
ABF7AD,500
5F9BE1,500
5412DC,500
E7547D,500
2A8D59,500
5007CB,500
82C706,500
6E3155,500
FD7187,500
278A2C,500
8A4327,500
B99437,500
AA91B4,500
CBECDB,500
3F45B3,500
D99A6A,500
9FA3B2,500
04254C,500
FEA74B,500
CF4F2C,500
25B2A0,500
2A5043,500
CF9039,500
5B3BAF,500
5212DE,500
124585,500
494D73,500
4D9D72,500
7AF907,500
51B6B4,500
804656,500
EB8D0A,500
E5DFE1,500
C9740C,500
6FA1B5,500
1949A2,500
2EFFCA,500
2B4022,500
88415F,500
3CBD41,500
982957,500
C6990D,500
317FC6,500
F96713,500
50A43A,500
39B10B,500
BBE73E,500
F38D4E,500
1CDBB0,500
95661A,500
EAC810,500
D9B817,500
B47415,500
4506F4,500
DD2AB8,500
BFF7C5,500
B96FE1,500
EEDD2E,500
050FA4,500
E5393C,500
5719FB,500
334CF1,500
011574,500
A20A34,500
46FAE8,500
D4426B,500
211DAC,500
839C29,500
A199B2,500
5A5A38,500
752BEA,500
415F58,500
50C1C6,500
707317,500
527032,500
F90C26,500
7B8D33,500
3A802B,500
274263,500
9194F4,500
0A6217,500
2B536F,500
D9D877,500
B19BA4,500
C89556,500
34C12A,500
C5ADDB,500
749555,500
DF03C1,500
7D8E3D,500
4A4EFB,500
6F455C,500
F3DBE9,500
DCEDE9,500
D9B49C,500
CAFEEA,500
05E66D,500
21D18B,500
A129DE,500
CDF7FB,500
4DF578,500
D850E3,500
A6876D,500
D456BA,500
0B483B,500
DBAD72,500
CA573D,500
3DA0BF,500
0198C3,500
F3C5BA,500
FAF463,500
AC4477,500
D6FBC1,500
3CBED6,500
B3414E,500
2829B5,500
757DE5,500
DDEEB2,500
41371D,500
0393A5,500
24CF01,500
FED7FA,500
A79CCD,500
BA7B1E,500
7A14A1,500
F4E72D,500
E25BB4,500
2A6EC9,500
0BA421,500
74D9FC,500
A11FDF,500
DE9CE6,500
5A9584,500
5A5E35,500
3D3240,500
05B436,500
A3D304,500
F78FBC,500
22F74A,500
7873E8,500
9E4A2D,500
85505B,500
299D74,500
1A4477,500
E0C6F8,500
40A136,500
005C92,500
C646BE,500
A3D642,500
98749D,500
BBBA28,500
82247C,500
241923,500
CA2520,500
711804,500
6037A6,500
4C5FAF,500
AE2246,500
60FFE8,500
D5F20F,500
E0C9F1,500
8B3DB1,500
282689,500
4F62E8,500
C301FD,500
65D08A,500
1FACAB,500
29A5D8,500
0510FE,500
19048C,500
5F5335,500
E2E4AA,500
56BAE5,500
5977CC,500
9DBDDF,500
6BD927,500
AF0EB9,500
3EA65A,500
D1A34F,500
595E46,500
B82B15,500
F9ABA3,500
CBA4AC,500
696B9D,500
C1FA23,500
2F2626,500
E803A5,500
1EAE26,500
DD3BB1,500
835942,500
8EF269,500
9768A1,500
F91FDB,500
65B1EA,500
B51B98,500
FC0341,500
075552,500
8D5E9D,500
B18014,500
F8849F,500
1635EC,500
201FF9,500
96002C,500
8D03C5,500
666E4B,500
FF7BAF,500
0F2259,500
C9FB66,500
C78EBB,500
449475,500
B70B16,500
BECB7C,500
F1E360,500
80E1E1,500
B7953C,500
D96E0A,500
A4BBF0,500
6094F0,500
37F055,500
2DFAD2,500
9AC793,500
715E01,500
0D58E5,500
98AEC9,500
6D42D2,500
CEDBDB,500
72E7C3,500
32A688,500
801A21,500
1E9900,500
C7DC7E,500
A52370,500
216953,500
1DA6BB,500
FCD46B,500
89AD8C,500
76F01B,500
147720,500
49A7DF,500
0ED4D8,500
24CEFE,500
77BD3F,500
25D29F,500
A91DE6,500
40159D,500
9254F1,500
2905B2,500
3825C7,500
B98C8F,500
9E48BC,500
D66811,500
A18083,500
564D8C,500
7BC08E,500
9A3B20,500
EE9E29,500
8AD78F,500
9C1DB7,500
36647D,500
887B32,500
EA35C1,500
A9F184,500
6BEF5E,500
C67337,500
A1D75D,500
75C876,500
50EA0B,500
C94C5D,500
EEA2ED,500
56E7B8,500
BD5DB5,500
CC56BE,500
0F2B2C,500
2DCC58,500
76DD7A,500
E29A84,500
2C9FCE,500
880284,500
6A8A9B,500
9786CB,500
7F4FDD,500
1C1627,500
C8D6A4,500
BB6C3E,500
6DA5DC,500
30F132,500
89F7D0,500
887DDF,500
C854ED,500
448D2F,500
11D110,500
B8B86A,500
48D11D,500
14D6D1,500
025E6F,500
66779A,500
432910,500
2ADB4A,500
31BFCF,500
310E41,500
F2B8BF,500
2C0169,500
209B22,500
64F0A4,500
D22111,500
4CB981,500
DC7219,500
CA2B1C,500
0440D9,500
97B83A,500
0FC8FE,500
0C383E,500
9B7997,500
91F775,500
8B2C08,500
735AB7,500
4616F7,500
9EB84F,500
958484,500
B94AE8,500
087E78,500
77B0A5,500
622B5A,500
49E430,500
2F5263,500
5CA6DB,500
E77296,500
FDC9B4,500
CC4112,500
269BBE,500
3295B4,500
EDCAC3,500
FE78C9,500
9835DF,500
7DA043,500
90D2F4,500
C0CA18,500
3E1E46,500
397F8E,500
B7D322,500
048065,500
DC1C7D,500
D10478,500
897A56,500
812993,500
53CD89,500
A90063,500
40F1FB,500
3787FD,500
67F252,500
BBA8B1,500
44624D,500
1CC096,500
371E3C,500
8C100E,500
405D36,500
89CBD7,500
644990,500
C51E02,500
B89B24,500
759E17,500
1EA9E9,500
E63873,500
2633FD,500
CD4EF9,500
316F7F,500
446DAF,500
88F54F,500
AB8A6A,500
263D40,500
540DAD,500
2E98E5,500
354B2C,500
74AACB,500
4681B5,500
5814F5,500
E274C6,500
4BC980,500
B2671E,500
E9686A,500
CA12D1,500
D90AE1,500
A738C3,500
D45BB6,500
28F6FB,500
643FA2,500
FB5FEC,500
DD0AE1,500
D370D5,500
021806,500
023826,500
99C612,500
1BA1CA,500
14C754,500
C2FB64,500
3F1D78,500
D9DD11,500
7823F7,500
6BC842,500
561978,500
A4F0AB,500
A1BF25,500
DF2944,500
FE17B1,500
562F12,500
5E1417,500
AF0626,500
F27CC4,500
2C794E,500
9D8DD4,500
1197A2,500
DFC81D,500
4B5605,500
A98E1D,500
08D259,500
243F93,500
3FAA55,500
336BCC,500
CABD4D,500
88BCBC,500
122E10,500
8F32E4,500
A5324D,500
EA7D5B,500
54C5E9,500
B643CC,500
94923F,500
5612FF,500
B17317,500
0CF878,500
D5F0F0,500
D3D027,500
0F288C,500
5A4B77,500
48C89F,500
635D2F,500
8D6B01,500
6B5D38,500
73D898,500
C0B056,500
3EBE11,500
B82E82,500
34821C,500
3EB96C,500
4B2D6C,500
7538B0,500
E7B249,500
61347A,500
6CCFE0,500
A8B8A1,500
9CBA25,500
E19F22,500
0B9BA5,500
752F10,500
416E5D,500
3853E9,500
99435B,500
D2BE37,500
223C49,500
B647BF,500
4D9672,500
694CE2,500
7DA29F,500
52719B,500
DBC99F,500
FB9E0A,500
62A24E,500
090D3E,500
2A65B8,500
E0944F,500
53D5E1,500
7A9FEF,500
84DD68,500
34C20B,500
80A913,500
F77EEF,500
A90575,500
C0E972,500
571D27,500
03A3E7,500
2D46E1,500
4310A5,500
2C69DB,500
F407D4,500
F1998E,500
1BA0D9,500
7E1554,500
747F70,500
BA22E6,500
F438D3,500
9F69EC,500
B8DE15,500
954484,500
FA5E06,500
3A2757,500
F80623,500
650AC4,500
FB9273,500
28008E,500
67F4DB,500
DE2CC7,500
23C3B2,500
68E340,500
4D8219,500
9733BF,500
EC2D60,500
C9EAEA,500
2B2D3E,500
C5BC98,500
EC557D,500
24A8A2,500
99D73A,500
2C3277,500
7CCEF0,500
6AFC5C,500
385B04,500
096DEC,500
58C599,500
ED4AFE,500
FC1450,500
92F8A3,500
83FD89,500
A45B98,500
CC14D1,500
9E2374,500
37AD78,500
9F51A6,500
CADFB9,500
0554A7,500
469A0E,500
4290B6,500
07C4AA,500
A7C387,500
7DF1DD,500
9CE3D4,500
1D7049,500
BB741C,500
BCBB4E,500
E60503,500
A50CDD,500
FB9B19,500
B7E233,500
7EF21F,500
72BE86,500
309FD6,500
6594A7,500
ADEAA8,500
99DC6D,500
1204D0,500
161940,500
EF3F5D,500
EA795C,500
E9A4C3,500
94759E,500
103FAC,500
28D1A7,500
41DC99,500
B1AAE5,500
0348CD,500
F9A553,500
F7165A,500
1652BA,500
42E7C8,500
A6E373,500
5341D2,500
D580F3,500
082B56,500
DC4091,500
626596,500
A30922,500
FCC658,500
B30F3D,500
C29B0A,500
3C990B,500
4FB4D5,500
6ED8B2,500
D72C69,500
EA9F9D,500
187E1E,500
3EF506,500
FDF316,500
7FCB1D,500
8FAC47,500
FEBB39,500
44D60E,500
D1A7DF,500
E70C64,500
65ED0A,500
5B113A,500
B2AE4B,500
A94E13,500
1D39C8,500
BA2946,500
60F35A,500
BB5FE6,500
2B0AEE,500
C9E7FB,500
F3D4A0,500
B50E45,500
0B520C,500
956D34,500
EAFF3D,500
E290C0,500
6CFEE9,500
2DF1AF,500
B49D21,500
87BBBA,500
11C4CB,500
61F61B,500
16C735,500
E83C62,500
732005,500
30E570,500
51EAA4,500
C59404,500
B4B1FD,500
0274C4,500
1C3EDC,500
4350C5,500
E65EBE,500
0B2371,500
8AEFA9,500
2EEBA4,500
4FE295,500
5C9C14,500
4DF387,500
81C299,500
0671F5,500
AF913B,500
0EBE1B,500
129DD8,500
0050AD,500
B03212,500
68A7B5,500
045AA1,500
B07F1B,500
F9DCFE,500
28B3DD,500
D825BB,500
46D014,500
6B6E42,500
51972F,500
08FE64,500
A7F4DC,500
8B9EA4,500
7E3A33,500
D07C97,500
3A8E32,500
4D6A45,500
C6E85B,500
AEE2CC,500
DD972F,500
D39865,500
D05BB3,500
B91BD7,500
9DDFA5,500
7E4CB5,500
81A290,500
201DA4,500
6D167F,500
CCB9BF,500
F41A27,500
A54B39,500
605552,500
CDB86B,500
814344,500
E378C8,500
35E9E8,500
86F96C,500
52A777,500
362F2C,500
0393F3,500
6998B5,500
66C5C9,500
F20A45,500
718ECF,500
E1334E,500
FED655,500
9A8427,500
5CD571,500
E5303F,500
27E807,500
02F3EB,500
0218AD,500
D5E419,500
B43756,500
F460EA,500
3C07BB,500
E36817,500
45EA87,500
7286A0,500
E98F2D,500
B6DE8B,500
40389A,500
F2395F,500
B69CF1,500
0FF313,500
DCA91A,500
BDC671,500
585C49,500
6CD49C,500
146BB7,500
DFE367,500
51E515,500
4456A9,500
4C7023,500
4199EC,500
9258A1,500
881AF8,500
BA6927,500
FF825C,500
1C2DAD,500
B39DCE,500
5F01DB,500
3516EB,500
E44258,500
4B4F34,500
43C747,500
9719AB,500
36D852,500
11980A,500
F91A1D,500
C13CC4,500
307F90,500
03B8FF,500
089E9D,500
7C97DB,500
018BED,500
7CA714,500
66FE15,500
E37C82,500
1AF4D6,500
1B43FE,500
73CB30,500
D7E13B,500
4E0DEA,500
740929,500
509298,500
B29D9F,500
2D8A84,500
95FB51,500
E22AD2,500
7CBAC5,500
4D9C8B,500
8DF94F,500
3E5F1D,500
828999,500
335F3C,500
BE7F3D,500
FCB037,500
38F268,500
3AF7D2,500
4A584F,500
8A2C9A,500
368B84,500
61642F,500
E2C4DA,500
05FBD5,500
FD534C,500
AFE7AF,500
61A52E,500
407DFF,500
DCA33C,500
01342D,500
C343B6,500
ECF68E,500
A25034,500
086E8C,500
705235,500
562487,500
2DA1E5,500
0E1E05,500
03D989,500
B89D89,500
F79FCF,500
DBA13B,500
E44B37,500
40CAD8,500
2CE012,500
C0A9D8,500
73AEE9,500
303C30,500
715169,500
0E8E55,500
B2FFE0,500
661D94,500
473168,500
E4D18E,500
5800FE,500
40C0CE,500
83BE46,500
C1B5BC,500
8DEAD6,500
B2507D,500
33DAC7,500
4890CC,500
2078BB,500
6CE864,500
097727,500
B25BA9,500
8776C5,500
B62D7B,500
1ADF4F,500
015F8E,500
365CA7,500
BA130A,500
778D48,500
A97933,500
FB6FCE,500
62BCB0,500
5ECDDB,500
A858A7,500
1DAFCA,500
8F019F,500
520D3C,500
918544,500
CF7756,500
BE9774,500
0214A3,500
E31B75,500
72FBFD,500
A6B991,500
B9DD5D,500
5D7ED7,500
1E3F5A,500
9CEE8B,500
6D96C9,500
AB8690,500
3E076D,500
0D7531,500
836E5B,500
4B58B1,500
044560,500
AB1308,500
7D9997,500
14BFEE,500
D70824,500
6A5D68,500
BE0153,500
CA6B6D,500
B840B5,500
85E2C2,500
46048C,500
66E538,500
33373C,500
560285,500
C330C7,500
8C5308,500
714543,500
FC9E21,500
02B0B1,500
5D881E,500
8DDA16,500
166F4C,500
8F12D4,500
603246,500
EF238A,500
9CF562,500
4EBF8B,500
A8C2D0,500
5C3675,500
941DE7,500
50FAED,500
464E6A,500
BC8D33,500
6C8937,500
D48996,500
8A832B,500
718144,500
D05198,500
9D36E7,500
A4BAF5,500
693E75,500
5766A2,500
B287B7,500
DAAAE0,500
A5DFE7,500
F92313,500
5FDA8C,500
49FCE3,500
4019B2,500
3E16BB,500
E74DD9,500
FBA44F,500
29646A,500
9E3B5A,500
C9D292,500
B167A8,500
AC79E9,500
7A9D3B,500
2DF83D,500
25EDE2,500
04779A,500
75EB04,500
5D3D34,500
D1F296,500
AA5EE8,500
9C9A38,500
AD69AA,500
516C4B,500
4797B8,500
76B081,500
68F433,500
2E86AD,500
140AD2,500
AEB784,500
B9928B,500
162C9F,500
4EC0E8,500
70436C,500
B942AF,500
E7278D,500
95F535,500
D3EE1B,500
D9D07F,500
C28628,500
3FAC1D,500
5F450D,500
455210,500
8D959D,500
A31021,500
E4AD56,500
E9C1F0,500
7A9563,500
551C5A,500
83491A,500
258AFD,500
DCDAE0,500
983C1F,500
A6910F,500
493969,500
334450,500
311476,500
235A8E,500
FD7CA6,500
A2B1B9,500
9729FB,500
4B31A0,500
F44646,500
2A2385,500
EB3660,500
856CD4,500
7767F6,500
5DD9AB,500
7F658A,500
4F01BD,500
F3963C,500
A1555F,500
0EA659,500
331294,500
95A177,500
386EBF,500
A29C04,500
0C8CAA,500
C0E360,500
41C28B,500
888C15,500
084903,500
8302F3,500
1A5141,500
